participant_name,Mmtime
participant_test_01,0:22
participant_test_01,0:30
participant_test_01,0:36
participant_test_01,1:39
participant_test_01,1:55
participant_test_01,2:04
participant_test_01,2:19
participant_test_01,2:45
participant_test_01,3:12
participant_test_01,4:25
participant_test_01,5:04
participant_test_01,5:10
participant_test_01,6:14
participant_test_01,6:30
participant_test_01,6:33
participant_test_01,7:27
participant_test_01,8:26
participant_test_01,9:00
participant_test_01,9:01
participant_test_01,9:12
participant_test_01,9:12
participant_test_01,11:18
participant_test_01,13:25
participant_test_01,16:27
participant_test_01,17:58
participant_test_01,18:05
participant_test_01,18:07
participant_test_02,0:09
participant_test_02,2:17
participant_test_02,2:37
participant_test_02,4:16
participant_test_02,5:46
participant_test_02,7:12
participant_test_02,8:13
participant_test_02,10:28
participant_test_02,11:46
participant_test_02,11:47
participant_test_02,12:15
participant_test_02,12:18
participant_test_02,12:20
participant_test_02,14:16
participant_test_02,14:17
participant_test_02,14:22
participant_test_02,14:23
participant_test_02,14:36
participant_test_02,14:44
participant_test_02,14:51
participant_test_02,15:53
participant_test_02,15:59
participant_test_02,16:05
participant_test_02,16:09
participant_test_02,16:16
participant_test_02,16:40
participant_test_02,16:43
participant_test_02,16:49
participant_test_02,16:52
participant_test_02,17:51
participant_test_03,0:13
participant_test_03,0:21
participant_test_03,0:29
participant_test_03,0:43
participant_test_03,1:01
participant_test_03,1:31
participant_test_03,1:58
participant_test_03,2:04
participant_test_03,2:11
participant_test_03,2:18
participant_test_03,3:11
participant_test_03,4:22
participant_test_03,4:29
participant_test_03,6:11
participant_test_03,7:02
participant_test_03,7:32
participant_test_03,8:10
participant_test_03,9:05
participant_test_03,10:28
participant_test_03,10:34
participant_test_03,11:30
participant_test_03,12:57
participant_test_03,13:15
participant_test_03,15:05
participant_test_03,16:24
participant_test_03,16:56
participant_test_03,16:57
participant_test_03,18:29
participant_test_03,18:31
participant_test_03,19:46
participant_test_05,3:20
participant_test_05,5:36
participant_test_05,11:38
participant_test_05,13:50
participant_test_05,13:51
participant_test_05,15:39
participant_test_05,16:59
participant_test_05,19:18
participant_test_05,19:42
participant_test_05,19:44
participant_test_06,0:25
participant_test_06,2:07
participant_test_06,3:36
participant_test_06,4:12
participant_test_06,6:13
participant_test_06,9:10
participant_test_06,9:16
participant_test_06,11:12
participant_test_06,11:14
participant_test_06,12:09
participant_test_06,12:12
participant_test_06,13:08
participant_test_06,13:33
participant_test_06,13:35
participant_test_06,14:37
participant_test_06,14:44
participant_test_06,14:50
participant_test_06,14:56
participant_test_06,16:00
participant_test_06,16:01
participant_test_06,16:01
participant_test_06,17:31
participant_test_06,18:37
participant_test_06,19:35
participant_test_06,19:40
participant_test_07,0:53
participant_test_07,0:54
participant_test_07,0:55
participant_test_07,1:44
participant_test_07,2:42
participant_test_07,4:59
participant_test_07,5:33
participant_test_07,6:14
participant_test_07,7:01
participant_test_07,9:27
participant_test_07,9:27
participant_test_07,9:32
participant_test_07,9:47
participant_test_07,10:04
participant_test_07,12:58
participant_test_07,13:29
participant_test_07,14:28
participant_test_07,17:45
participant_test_07,18:20
participant_test_07,18:21
participant_test_07,18:45
participant_test_07,18:49
participant_test_07,19:10
participant_test_08,0:33
participant_test_08,1:40
participant_test_08,3:14
participant_test_08,3:23
participant_test_08,3:49
participant_test_08,6:14
participant_test_08,6:15
participant_test_08,6:18
participant_test_08,7:21
participant_test_08,8:00
participant_test_08,8:22
participant_test_08,8:41
participant_test_08,9:33
participant_test_08,10:29
participant_test_08,11:45
participant_test_08,14:02
participant_test_08,14:40
participant_test_08,14:41
participant_test_08,15:15
participant_test_08,15:41
participant_test_08,15:56
participant_test_08,17:07
participant_test_08,18:23
participant_test_08,19:09
participant_test_09,1:06
participant_test_09,3:14
participant_test_09,6:38
participant_test_09,15:22
participant_test_09,17:12
participant_test_09,19:35
participant_test_10,0:30
participant_test_10,2:11
participant_test_10,3:13
participant_test_10,4:34
participant_test_10,5:33
participant_test_10,5:58
participant_test_10,5:59
participant_test_10,7:35
participant_test_10,9:17
participant_test_10,10:00
participant_test_10,17:34
participant_test_10,19:08
participant_test_11,0:44
participant_test_11,2:25
participant_test_11,2:54
participant_test_11,3:10
participant_test_11,3:58
participant_test_11,5:26
participant_test_11,5:27
participant_test_11,8:25
participant_test_11,12:12
participant_test_11,12:15
participant_test_11,17:55
participan_test_12,1:01
participan_test_13,1:02
participan_test_14,1:16
participan_test_15,4:39
participan_test_16,4:39
participan_test_17,5:53
participan_test_18,8:12
participan_test_19,8:13
participan_test_20,8:21
participan_test_21,8:24
participan_test_22,8:58
participan_test_23,12:05
participan_test_24,14:47
participan_test_25,19:23
participan_test_26,19:25
participan_test_12,19:46
participant_test_13,0:02
participant_test_13,0:05
participant_test_13,0:12
participant_test_13,2:12
participant_test_13,2:18
participant_test_13,2:28
participant_test_13,3:19
participant_test_13,3:56
participant_test_13,4:03
participant_test_13,6:09
participant_test_13,6:11
participant_test_13,7:26
participant_test_13,9:29
participant_test_13,9:30
participant_test_13,13:01
participant_test_13,19:57
participant_test_13,19:59
participant_test_14,0:59
participant_test_14,1:00
participant_test_14,1:31
participant_test_14,1:39
participant_test_14,1:43
participant_test_14,2:29
participant_test_14,2:29
participant_test_14,2:31
participant_test_14,2:37
participant_test_14,2:46
participant_test_14,2:49
participant_test_14,3:49
participant_test_14,4:03
participant_test_14,4:32
participant_test_14,4:46
participant_test_14,4:48
participant_test_14,4:49
participant_test_14,4:53
participant_test_14,6:12
participant_test_14,6:13
participant_test_14,6:19
participant_test_14,7:35
participant_test_14,7:38
participant_test_14,7:40
participant_test_14,8:15
participant_test_14,8:30
participant_test_14,8:36
participant_test_14,11:24
participant_test_14,13:59
participant_test_14,14:02
participant_test_14,15:24
participant_test_14,17:45
participant_test_14,19:03
participant_test_14,19:57
participant_test_15,0:12
participant_test_15,2:15
participant_test_15,2:27
participant_test_15,3:41
participant_test_15,5:24
participant_test_15,6:41
participant_test_15,11:01
participant_test_15,11:05
participant_test_15,11:27
participant_test_15,11:28
participant_test_15,13:46
participant_test_15,15:21
participant_test_15,15:22
participant_test_15,19:09
participant_test_15,19:10
participant_test_17,0:52
participant_test_17,4:22
participant_test_17,7:53
participant_test_17,7:54
participant_test_17,10:33
participant_test_17,13:11
participant_test_18,1:02
participant_test_18,2:08
participant_test_18,4:27
participant_test_18,6:08
participant_test_18,6:17
participant_test_18,6:51
participant_test_18,7:12
participant_test_18,8:35
participant_test_18,12:20
participant_test_18,12:47
participant_test_18,14:07
participant_test_18,14:38
participant_test_18(2),0:13
participant_test_18(2),0:20
participant_test_18(2),0:21
participant_test_18(2),0:23
participant_test_18(2),1:18
participant_test_18(2),1:21
participant_test_18(2),1:24
participant_test_18(2),1:40
participant_test_18(2),1:41
participant_test_18(2),2:10
participant_test_18(2),2:13
participant_test_18(2),2:14
participant_test_18(2),2:35
participant_test_18(2),2:36
participant_test_18(2),2:37
participant_test_18(2),2:38
participant_test_18(2),2:56
participant_test_18(2),2:59
participant_test_18(2),3:31
participant_test_18(2),3:33
participant_test_18(2),4:51
participant_test_18(2),4:59
participant_test_18(2),5:05
participant_test_18(2),5:14
participant_test_18(2),5:31
participant_test_18(2),5:32
participant_test_18(2),5:34
participant_test_18(2),6:24
participant_test_18(2),8:12
participant_test_18(2),8:13
participant_test_18(2),8:15
participant_test_18(2),8:20
participant_test_18(2),9:09
participant_test_18(2),9:11
participant_test_18(2),9:56
participant_test_18(2),10:00
participant_test_18(2),10:40
participant_test_18(2),12:51
participant_test_18(2),12:52
participant_test_18(2),14:52
participant_test_18(2),14:53
participant_test_18(2),14:58
participant_test_18(2),15:00
participant_test_18(2),15:07
participant_test_18(2),15:19
participant_test_18(2),16:00
participant_test_18(2),16:07
participant_test_18(2),16:12
participant_test_18(2),16:14
participant_test_18(2),17:43
participant_test_18(2),17:45
participant_test_18(2),17:47
participant_test_18(2),18:21
participant_test_20,0:23
participant_test_20,0:53
participant_test_20,1:03
participant_test_20,2:59
participant_test_20,3:33
participant_test_20,3:35
participant_test_20,4:16
participant_test_20,6:11
participant_test_20,6:39
participant_test_20,8:16
participant_test_20,8:26
participant_test_20,9:52
participant_test_20,10:27
participant_test_20,10:56
participant_test_20,11:54
participant_test_20,13:03
participant_test_20,13:19
participant_test_20,13:44
participant_test_20,15:15
participant_test_20,15:16
participant_test_20,15:42
participant_test_20,18:31
participant_test_20,19:48
participant_test_21,0:39
participant_test_21,14:32
participant_test_21,14:42
participant_test_21,16:54
participant_test_21,16:57
participant_test_21,18:48
participant_test_22,2:22
participant_test_22,6:30
participant_test_22,11:15
participant_test_22,11:51
participant_test_22,11:54
participant_test_22,13:46
participant_test_23,2:45
participant_test_23,2:48
participant_test_23,9:46
participant_test_23,11:12
participant_test_23,13:52
participant_test_23,15:45
participant_test_23,15:45
participant_test_23,15:49
participant_test_23,19:56
participant_test_24,2:16
participant_test_24,2:31
participant_test_24,3:17
participant_test_24,3:33
participant_test_24,3:39
participant_test_24,4:48
participant_test_24,5:22
participant_test_24,5:33
participant_test_24,6:06
participant_test_24,6:11
participant_test_24,6:57
participant_test_24,7:05
participant_test_24,8:51
participant_test_24,9:03
participant_test_24,9:15
participant_test_24,9:55
participant_test_24,10:00
participant_test_24,10:27
participant_test_24,10:43
participant_test_24,10:59
participant_test_24,13:07
participant_test_24,13:48
participant_test_24,19:27
participant_test_24,19:28
participant_test_24,19:54
participant_test_25,2:12
participant_test_25,2:36
participant_test_25,3:33
participant_test_25,3:48
participant_test_25,3:54
participant_test_25,4:58
participant_test_25,5:27
participant_test_25,5:32
participant_test_25,6:31
participant_test_25,7:02
participant_test_25,7:29
participant_test_25,7:46
participant_test_25,10:39
participant_test_25,12:00
participant_test_25,12:04
participant_test_25,12:20
participant_test_25,12:24
participant_test_25,12:35
participant_test_25,13:04
participant_test_25,13:37
participant_test_25,13:41
participant_test_25,13:46
participant_test_25,13:47
participant_test_25,15:25
participant_test_25,15:30
participant_test_25,16:50
participant_test_25,17:02
participant_test_25,17:17
participant_test_25,18:55
participant_test_25,19:27
participant_test_25,19:29
participant_test_27,3:55
participant_test_27,5:04
participant_test_27,5:22
participant_test_27,5:24
participant_test_27,6:56
participant_test_27,7:19
participant_test_27,10:00
participant_test_27,10:32
participant_test_27,12:23
participant_test_27,14:09
participant_test_27,17:29
participant_test_27,18:09
participant_test_27,18:10
participant_test_29,0:59
participant_test_29,1:13
participant_test_29,1:47
participant_test_29,1:52
participant_test_29,2:03
participant_test_29,2:11
participant_test_29,2:44
participant_test_29,3:15
participant_test_29,3:50
participant_test_29,4:06
participant_test_29,4:32
participant_test_29,4:41
participant_test_29,4:47
participant_test_29,5:05
participant_test_29,5:07
participant_test_29,5:12
participant_test_29,5:17
participant_test_29,5:53
participant_test_29,7:39
participant_test_29,7:51
participant_test_29,13:06
participant_test_29,13:08
participant_test_29,13:46
participant_test_29,14:36
participant_test_29,16:13
participant_test_30,0:00
participant_test_30,0:25
participant_test_30,2:25
participant_test_30,2:57
participant_test_30,3:00
participant_test_30,4:33
participant_test_30,4:55
participant_test_30,5:53
participant_test_30,6:40
participant_test_30,9:37
participant_test_30,12:21
participant_test_30,12:47
participant_test_30,12:48
participant_test_30,12:50
participant_test_30,14:57
participant_test_30,14:58
participant_test_30,19:11
participant_test_30,19:21
participant_test_30,19:37
